INSERT INTO krc353_1.AssignTo (SeID, TAID) VALUES (1, 1);
INSERT INTO krc353_1.AssignTo (SeID, TAID) VALUES (2, 2);
INSERT INTO krc353_1.AssignTo (SeID, TAID) VALUES (7, 5);
INSERT INTO krc353_1.AssignTo (SeID, TAID) VALUES (9, 6);
INSERT INTO krc353_1.AssignTo (SeID, TAID) VALUES (4, 7);
INSERT INTO krc353_1.AssignTo (SeID, TAID) VALUES (10, 4);
INSERT INTO krc353_1.AssignTo (SeID, TAID) VALUES (5, 5);
INSERT INTO krc353_1.AssignTo (SeID, TAID) VALUES (2, 3);
INSERT INTO krc353_1.AssignTo (SeID, TAID) VALUES (3, 8);
INSERT INTO krc353_1.AssignTo (SeID, TAID) VALUES (6, 9);
INSERT INTO krc353_1.Belong (STID, PName, Advisor) VALUES (1, 'Computer Science', '');
INSERT INTO krc353_1.Belong (STID, PName, Advisor) VALUES (2, 'Arts', 'Elma Aveiro');
INSERT INTO krc353_1.Belong (STID, PName, Advisor) VALUES (3, 'Business', 'Anthony Martial');
INSERT INTO krc353_1.Belong (STID, PName, Advisor) VALUES (4, 'Computer Architecture', '');
INSERT INTO krc353_1.Belong (STID, PName, Advisor) VALUES (5, 'Computer Games', 'Paul Scholes');
INSERT INTO krc353_1.Belong (STID, PName, Advisor) VALUES (6, 'Computer Hardware', '');
INSERT INTO krc353_1.Belong (STID, PName, Advisor) VALUES (7, 'Economics', 'Mason Greenwood');
INSERT INTO krc353_1.Belong (STID, PName, Advisor) VALUES (8, 'English', '');
INSERT INTO krc353_1.Belong (STID, PName, Advisor) VALUES (9, 'Law', 'James Garner');
INSERT INTO krc353_1.Belong (STID, PName, Advisor) VALUES (10, 'Mathematics', 'Gary Neville');
INSERT INTO krc353_1.Belong (STID, PName, Advisor) VALUES (1, 'Arts', 'Katia Aveiro');
INSERT INTO krc353_1.Belong (STID, PName, Advisor) VALUES (11, 'Computer Science', '');
INSERT INTO krc353_1.Belong (STID, PName, Advisor) VALUES (12, 'Computer Science', '');
INSERT INTO krc353_1.Belong (STID, PName, Advisor) VALUES (17, 'English', '');
INSERT INTO krc353_1.Belong (STID, PName, Advisor) VALUES (18, 'Business', '');
INSERT INTO krc353_1.Belong (STID, PName, Advisor) VALUES (19, 'Mathematics', 'Bob Jiye');
INSERT INTO krc353_1.Belong (STID, PName, Advisor) VALUES (20, 'Arts', 'Marc Zuter');
INSERT INTO krc353_1.Belong (STID, PName, Advisor) VALUES (21, 'Computer Science', '');
INSERT INTO krc353_1.Belong (STID, PName, Advisor) VALUES (22, 'Computer Games', '');
INSERT INTO krc353_1.Belong (STID, PName, Advisor) VALUES (13, 'English', 'Bobby Jo');
INSERT INTO krc353_1.Belong (STID, PName, Advisor) VALUES (14, 'Arts', 'Jack');
INSERT INTO krc353_1.Belong (STID, PName, Advisor) VALUES (15, 'Business', 'Cristina');
INSERT INTO krc353_1.Belong (STID, PName, Advisor) VALUES (16, 'English', 'Louise');
INSERT INTO krc353_1.Belong (STID, PName, Advisor) VALUES (23, 'Business', null);
INSERT INTO krc353_1.Belong (STID, PName, Advisor) VALUES (24, 'Mathematics', null);
INSERT INTO krc353_1.Belong (STID, PName, Advisor) VALUES (25, 'Computer Games', null);
INSERT INTO krc353_1.Belong (STID, PName, Advisor) VALUES (26, 'Economics', 'Lucy');
INSERT INTO krc353_1.Belong (STID, PName, Advisor) VALUES (27, 'Law', null);
INSERT INTO krc353_1.Belong (STID, PName, Advisor) VALUES (28, 'Business', null);
INSERT INTO krc353_1.Belong (STID, PName, Advisor) VALUES (29, 'Computer Games', 'Bertrand');
INSERT INTO krc353_1.Belong (STID, PName, Advisor) VALUES (30, 'Arts', null);
INSERT INTO krc353_1.Belong (STID, PName, Advisor) VALUES (31, 'Arts', 'Marc Luver');
INSERT INTO krc353_1.Belong (STID, PName, Advisor) VALUES (32, 'English', 'Bobby Jo');
INSERT INTO krc353_1.Class (CLID, ClassNum, Building, Capacity) VALUES (1, 737, 'A Building', 150);
INSERT INTO krc353_1.Class (CLID, ClassNum, Building, Capacity) VALUES (2, 434, 'B Building', 125);
INSERT INTO krc353_1.Class (CLID, ClassNum, Building, Capacity) VALUES (3, 736, 'C Building', 100);
INSERT INTO krc353_1.Class (CLID, ClassNum, Building, Capacity) VALUES (4, 907, 'D Building', 145);
INSERT INTO krc353_1.Class (CLID, ClassNum, Building, Capacity) VALUES (5, 675, 'E Building', 190);
INSERT INTO krc353_1.Class (CLID, ClassNum, Building, Capacity) VALUES (6, 234, 'F Building', 250);
INSERT INTO krc353_1.Class (CLID, ClassNum, Building, Capacity) VALUES (7, 943, 'G Building', 203);
INSERT INTO krc353_1.Class (CLID, ClassNum, Building, Capacity) VALUES (8, 390, 'H Building', 109);
INSERT INTO krc353_1.Class (CLID, ClassNum, Building, Capacity) VALUES (9, 444, 'I Building', 121);
INSERT INTO krc353_1.Class (CLID, ClassNum, Building, Capacity) VALUES (10, 656, 'J Building', 153);
INSERT INTO krc353_1.ClassTimeslot (StartTime, DayWeek, CLID, SeID, EndTime) VALUES ('08:45:00', 'Monday', 1, 1, '09:45:00');
INSERT INTO krc353_1.ClassTimeslot (StartTime, DayWeek, CLID, SeID, EndTime) VALUES ('09:30:00', 'Wednesday', 2, 2, '10:45:00');
INSERT INTO krc353_1.ClassTimeslot (StartTime, DayWeek, CLID, SeID, EndTime) VALUES ('10:00:00', 'Tuesday', 3, 3, '11:45:00');
INSERT INTO krc353_1.ClassTimeslot (StartTime, DayWeek, CLID, SeID, EndTime) VALUES ('10:30:00', 'Monday', 6, 7, '12:45:00');
INSERT INTO krc353_1.ClassTimeslot (StartTime, DayWeek, CLID, SeID, EndTime) VALUES ('10:45:00', 'Wednesday', 8, 4, '11:45:00');
INSERT INTO krc353_1.ClassTimeslot (StartTime, DayWeek, CLID, SeID, EndTime) VALUES ('11:00:00', 'Monday', 7, 9, '12:45:00');
INSERT INTO krc353_1.ClassTimeslot (StartTime, DayWeek, CLID, SeID, EndTime) VALUES ('11:15:00', 'Thursday', 9, 10, '13:45:00');
INSERT INTO krc353_1.ClassTimeslot (StartTime, DayWeek, CLID, SeID, EndTime) VALUES ('11:45:00', 'Thursday', 4, 6, '12:45:00');
INSERT INTO krc353_1.ClassTimeslot (StartTime, DayWeek, CLID, SeID, EndTime) VALUES ('12:30:00', 'Friday', 10, 5, '14:45:00');
INSERT INTO krc353_1.ClassTimeslot (StartTime, DayWeek, CLID, SeID, EndTime) VALUES ('12:45:00', 'Friday', 5, 8, '13:45:00');
INSERT INTO krc353_1.Course (CID, CName) VALUES (1, 'COMP352');
INSERT INTO krc353_1.Course (CID, CName) VALUES (2, 'Mech300');
INSERT INTO krc353_1.Course (CID, CName) VALUES (3, 'Fr465');
INSERT INTO krc353_1.Course (CID, CName) VALUES (4, 'Sex230');
INSERT INTO krc353_1.Course (CID, CName) VALUES (5, 'Bio202');
INSERT INTO krc353_1.Course (CID, CName) VALUES (6, 'COMP353');
INSERT INTO krc353_1.Course (CID, CName) VALUES (7, 'His375');
INSERT INTO krc353_1.Course (CID, CName) VALUES (8, 'Engr301');
INSERT INTO krc353_1.Course (CID, CName) VALUES (9, 'COMP352');
INSERT INTO krc353_1.Course (CID, CName) VALUES (10, 'Tal101');
INSERT INTO krc353_1.Department (DName, Building) VALUES ('Anthropology', 'I Building');
INSERT INTO krc353_1.Department (DName, Building) VALUES ('Biology', 'C Building');
INSERT INTO krc353_1.Department (DName, Building) VALUES ('Computer Science', 'A Building');
INSERT INTO krc353_1.Department (DName, Building) VALUES ('Engineering', 'E Building');
INSERT INTO krc353_1.Department (DName, Building) VALUES ('French', 'F Building');
INSERT INTO krc353_1.Department (DName, Building) VALUES ('Gender Studies', 'G Building');
INSERT INTO krc353_1.Department (DName, Building) VALUES ('History', 'H Building');
INSERT INTO krc353_1.Department (DName, Building) VALUES ('Jewish Studies', 'J Building');
INSERT INTO krc353_1.Department (DName, Building) VALUES ('Mathematics', 'B Building');
INSERT INTO krc353_1.Department (DName, Building) VALUES ('Physics', 'D Building');
INSERT INTO krc353_1.EnrolledIn (STID, SeID, Grade) VALUES (10, 1, 'F');
INSERT INTO krc353_1.EnrolledIn (STID, SeID, Grade) VALUES (9, 2, 'D-');
INSERT INTO krc353_1.EnrolledIn (STID, SeID, Grade) VALUES (8, 3, 'D');
INSERT INTO krc353_1.EnrolledIn (STID, SeID, Grade) VALUES (7, 4, 'D+');
INSERT INTO krc353_1.EnrolledIn (STID, SeID, Grade) VALUES (6, 5, 'A+');
INSERT INTO krc353_1.EnrolledIn (STID, SeID, Grade) VALUES (5, 6, 'C');
INSERT INTO krc353_1.EnrolledIn (STID, SeID, Grade) VALUES (4, 7, 'C+');
INSERT INTO krc353_1.EnrolledIn (STID, SeID, Grade) VALUES (3, 8, 'A');
INSERT INTO krc353_1.EnrolledIn (STID, SeID, Grade) VALUES (2, 9, 'A');
INSERT INTO krc353_1.EnrolledIn (STID, SeID, Grade) VALUES (1, 10, 'A+');
INSERT INTO krc353_1.EnrolledIn (STID, SeID, Grade) VALUES (11, 1, 'A+');
INSERT INTO krc353_1.EnrolledIn (STID, SeID, Grade) VALUES (12, 1, 'A+');
INSERT INTO krc353_1.EnrolledIn (STID, SeID, Grade) VALUES (17, 2, 'A');
INSERT INTO krc353_1.EnrolledIn (STID, SeID, Grade) VALUES (18, 3, 'B');
INSERT INTO krc353_1.EnrolledIn (STID, SeID, Grade) VALUES (19, 1, 'A+');
INSERT INTO krc353_1.EnrolledIn (STID, SeID, Grade) VALUES (20, 5, 'C-');
INSERT INTO krc353_1.EnrolledIn (STID, SeID, Grade) VALUES (21, 7, 'B-');
INSERT INTO krc353_1.EnrolledIn (STID, SeID, Grade) VALUES (22, 8, 'E');
INSERT INTO krc353_1.EnrolledIn (STID, SeID, Grade) VALUES (13, 1, 'E');
INSERT INTO krc353_1.EnrolledIn (STID, SeID, Grade) VALUES (14, 3, 'D');
INSERT INTO krc353_1.EnrolledIn (STID, SeID, Grade) VALUES (15, 2, 'B');
INSERT INTO krc353_1.EnrolledIn (STID, SeID, Grade) VALUES (16, 5, 'B+');
INSERT INTO krc353_1.EnrolledIn (STID, SeID, Grade) VALUES (23, 4, 'F');
INSERT INTO krc353_1.EnrolledIn (STID, SeID, Grade) VALUES (24, 5, 'F');
INSERT INTO krc353_1.EnrolledIn (STID, SeID, Grade) VALUES (25, 1, 'A+');
INSERT INTO krc353_1.EnrolledIn (STID, SeID, Grade) VALUES (26, 7, 'C');
INSERT INTO krc353_1.EnrolledIn (STID, SeID, Grade) VALUES (27, 6, 'C-');
INSERT INTO krc353_1.EnrolledIn (STID, SeID, Grade) VALUES (28, 1, 'F');
INSERT INTO krc353_1.EnrolledIn (STID, SeID, Grade) VALUES (29, 6, 'B+');
INSERT INTO krc353_1.EnrolledIn (STID, SeID, Grade) VALUES (30, 6, 'B+');
INSERT INTO krc353_1.EnrolledIn (STID, SeID, Grade) VALUES (31, 4, 'A-');
INSERT INTO krc353_1.EnrolledIn (STID, SeID, Grade) VALUES (32, 10, 'B');
INSERT INTO krc353_1.Fund (STID, TAID, RID) VALUES (6, 3, null);
INSERT INTO krc353_1.Fund (STID, TAID, RID) VALUES (7, 2, null);
INSERT INTO krc353_1.Fund (STID, TAID, RID) VALUES (8, 1, 1);
INSERT INTO krc353_1.Fund (STID, TAID, RID) VALUES (9, 5, 2);
INSERT INTO krc353_1.Fund (STID, TAID, RID) VALUES (10, 2, 3);
INSERT INTO krc353_1.Fund (STID, TAID, RID) VALUES (11, 3, null);
INSERT INTO krc353_1.Fund (STID, TAID, RID) VALUES (12, 6, null);
INSERT INTO krc353_1.Fund (STID, TAID, RID) VALUES (17, 3, 2);
INSERT INTO krc353_1.Fund (STID, TAID, RID) VALUES (18, 7, 1);
INSERT INTO krc353_1.Fund (STID, TAID, RID) VALUES (19, 8, null);
INSERT INTO krc353_1.Fund (STID, TAID, RID) VALUES (20, 2, 3);
INSERT INTO krc353_1.Fund (STID, TAID, RID) VALUES (21, 3, 1);
INSERT INTO krc353_1.Fund (STID, TAID, RID) VALUES (22, 9, null);
INSERT INTO krc353_1.Fund (STID, TAID, RID) VALUES (13, 4, null);
INSERT INTO krc353_1.Fund (STID, TAID, RID) VALUES (14, 4, null);
INSERT INTO krc353_1.Fund (STID, TAID, RID) VALUES (15, 6, null);
INSERT INTO krc353_1.Fund (STID, TAID, RID) VALUES (16, 4, null);
INSERT INTO krc353_1.Fund (STID, TAID, RID) VALUES (23, 2, null);
INSERT INTO krc353_1.Fund (STID, TAID, RID) VALUES (24, 8, null);
INSERT INTO krc353_1.Fund (STID, TAID, RID) VALUES (25, 5, null);
INSERT INTO krc353_1.Fund (STID, TAID, RID) VALUES (26, 5, null);
INSERT INTO krc353_1.Fund (STID, TAID, RID) VALUES (27, 9, null);
INSERT INTO krc353_1.Graduate (STID) VALUES (6);
INSERT INTO krc353_1.Graduate (STID) VALUES (7);
INSERT INTO krc353_1.Graduate (STID) VALUES (8);
INSERT INTO krc353_1.Graduate (STID) VALUES (9);
INSERT INTO krc353_1.Graduate (STID) VALUES (10);
INSERT INTO krc353_1.Graduate (STID) VALUES (11);
INSERT INTO krc353_1.Graduate (STID) VALUES (12);
INSERT INTO krc353_1.Graduate (STID) VALUES (13);
INSERT INTO krc353_1.Graduate (STID) VALUES (14);
INSERT INTO krc353_1.Graduate (STID) VALUES (15);
INSERT INTO krc353_1.Graduate (STID) VALUES (16);
INSERT INTO krc353_1.Graduate (STID) VALUES (17);
INSERT INTO krc353_1.Graduate (STID) VALUES (18);
INSERT INTO krc353_1.Graduate (STID) VALUES (19);
INSERT INTO krc353_1.Graduate (STID) VALUES (20);
INSERT INTO krc353_1.Graduate (STID) VALUES (21);
INSERT INTO krc353_1.Graduate (STID) VALUES (22);
INSERT INTO krc353_1.Graduate (STID) VALUES (23);
INSERT INTO krc353_1.Graduate (STID) VALUES (24);
INSERT INTO krc353_1.Graduate (STID) VALUES (25);
INSERT INTO krc353_1.Graduate (STID) VALUES (26);
INSERT INTO krc353_1.Graduate (STID) VALUES (27);
INSERT INTO krc353_1.Has (CID, SeID) VALUES (1, 1);
INSERT INTO krc353_1.Has (CID, SeID) VALUES (2, 2);
INSERT INTO krc353_1.Has (CID, SeID) VALUES (3, 3);
INSERT INTO krc353_1.Has (CID, SeID) VALUES (4, 4);
INSERT INTO krc353_1.Has (CID, SeID) VALUES (5, 5);
INSERT INTO krc353_1.Has (CID, SeID) VALUES (6, 6);
INSERT INTO krc353_1.Has (CID, SeID) VALUES (7, 7);
INSERT INTO krc353_1.Has (CID, SeID) VALUES (8, 8);
INSERT INTO krc353_1.Has (CID, SeID) VALUES (1, 9);
INSERT INTO krc353_1.Has (CID, SeID) VALUES (10, 10);
INSERT INTO krc353_1.Has (CID, SeID) VALUES (1, 11);
INSERT INTO krc353_1.Instructor (IID, Name, Supervised) VALUES (1, 'Lisa Cranterson', 35);
INSERT INTO krc353_1.Instructor (IID, Name, Supervised) VALUES (2, 'Ernest Steig', 7);
INSERT INTO krc353_1.Instructor (IID, Name, Supervised) VALUES (3, 'Melissa Roberts', 10);
INSERT INTO krc353_1.Instructor (IID, Name, Supervised) VALUES (4, 'Jake Ralph', 8);
INSERT INTO krc353_1.Instructor (IID, Name, Supervised) VALUES (5, 'Claire Devons', 3);
INSERT INTO krc353_1.Instructor (IID, Name, Supervised) VALUES (6, 'Jeremy Kudo', 30);
INSERT INTO krc353_1.Instructor (IID, Name, Supervised) VALUES (7, 'Linda Torrents', 20);
INSERT INTO krc353_1.Instructor (IID, Name, Supervised) VALUES (8, 'Jessica Stevenson', 54);
INSERT INTO krc353_1.Instructor (IID, Name, Supervised) VALUES (9, 'Isaac Harrison', 2);
INSERT INTO krc353_1.Instructor (IID, Name, Supervised) VALUES (10, 'Nicholas Larsen', 15);
INSERT INTO krc353_1.Instructor (IID, Name, Supervised) VALUES (11, 'Cristiano Ronaldo', 4);
INSERT INTO krc353_1.Program (PName, TotalCredits) VALUES ('Arts', 40);
INSERT INTO krc353_1.Program (PName, TotalCredits) VALUES ('Business', 22);
INSERT INTO krc353_1.Program (PName, TotalCredits) VALUES ('Computer Architecture', 15);
INSERT INTO krc353_1.Program (PName, TotalCredits) VALUES ('Computer Games', 30);
INSERT INTO krc353_1.Program (PName, TotalCredits) VALUES ('Computer Hardware', 33);
INSERT INTO krc353_1.Program (PName, TotalCredits) VALUES ('Computer Science', 40);
INSERT INTO krc353_1.Program (PName, TotalCredits) VALUES ('Economics', 6);
INSERT INTO krc353_1.Program (PName, TotalCredits) VALUES ('English', 12);
INSERT INTO krc353_1.Program (PName, TotalCredits) VALUES ('Law', 14);
INSERT INTO krc353_1.Program (PName, TotalCredits) VALUES ('Mathematics', 23);
INSERT INTO krc353_1.ResearchFunding (RID, Amount) VALUES (1, 1000);
INSERT INTO krc353_1.ResearchFunding (RID, Amount) VALUES (2, 10000);
INSERT INTO krc353_1.ResearchFunding (RID, Amount) VALUES (3, 8000);
INSERT INTO krc353_1.ResearchFunding (RID, Amount) VALUES (4, 200);
INSERT INTO krc353_1.ResearchFunding (RID, Amount) VALUES (5, 100);
INSERT INTO krc353_1.ResearchFunding (RID, Amount) VALUES (6, 6000);
INSERT INTO krc353_1.ResearchFunding (RID, Amount) VALUES (7, 3000);
INSERT INTO krc353_1.ResearchFunding (RID, Amount) VALUES (8, 1500);
INSERT INTO krc353_1.ResearchFunding (RID, Amount) VALUES (9, 100);
INSERT INTO krc353_1.ResearchFunding (RID, Amount) VALUES (10, 20000);
INSERT INTO krc353_1.Section (SeID, Semester, Year) VALUES (1, 'Fall', 2018);
INSERT INTO krc353_1.Section (SeID, Semester, Year) VALUES (2, 'Winter', 2020);
INSERT INTO krc353_1.Section (SeID, Semester, Year) VALUES (3, 'Summer', 2019);
INSERT INTO krc353_1.Section (SeID, Semester, Year) VALUES (4, 'Fall', 2019);
INSERT INTO krc353_1.Section (SeID, Semester, Year) VALUES (5, 'Winter', 2020);
INSERT INTO krc353_1.Section (SeID, Semester, Year) VALUES (6, 'Summer', 2019);
INSERT INTO krc353_1.Section (SeID, Semester, Year) VALUES (7, 'Fall', 2019);
INSERT INTO krc353_1.Section (SeID, Semester, Year) VALUES (8, 'Winter', 2020);
INSERT INTO krc353_1.Section (SeID, Semester, Year) VALUES (9, 'Summer', 2019);
INSERT INTO krc353_1.Section (SeID, Semester, Year) VALUES (10, 'Summer', 2019);
INSERT INTO krc353_1.Section (SeID, Semester, Year) VALUES (11, 'Summer', 2017);
INSERT INTO krc353_1.Student (STID, Credit, FirstName, LastName, GPA) VALUES (1, 90, 'Felix', 'Harris', 3.1);
INSERT INTO krc353_1.Student (STID, Credit, FirstName, LastName, GPA) VALUES (2, 90, 'James', 'Watson', 2);
INSERT INTO krc353_1.Student (STID, Credit, FirstName, LastName, GPA) VALUES (3, 90, 'Marcus', 'Morris', 2.7);
INSERT INTO krc353_1.Student (STID, Credit, FirstName, LastName, GPA) VALUES (4, 90, 'Johnny', 'Howard', 3.4);
INSERT INTO krc353_1.Student (STID, Credit, FirstName, LastName, GPA) VALUES (5, 90, 'John', 'Smith', 3.1);
INSERT INTO krc353_1.Student (STID, Credit, FirstName, LastName, GPA) VALUES (6, 44, 'Phil', 'Newton', 2.1);
INSERT INTO krc353_1.Student (STID, Credit, FirstName, LastName, GPA) VALUES (7, 44, 'Andrew', 'Morrison', 2);
INSERT INTO krc353_1.Student (STID, Credit, FirstName, LastName, GPA) VALUES (8, 44, 'Mackenzie', 'Johnson', 3.2);
INSERT INTO krc353_1.Student (STID, Credit, FirstName, LastName, GPA) VALUES (9, 44, 'Max', 'Phillips', 3);
INSERT INTO krc353_1.Student (STID, Credit, FirstName, LastName, GPA) VALUES (10, 44, 'Linus', 'Torvards', 4);
INSERT INTO krc353_1.Student (STID, Credit, FirstName, LastName, GPA) VALUES (11, 44, 'Khaled', 'Jababo', 4);
INSERT INTO krc353_1.Student (STID, Credit, FirstName, LastName, GPA) VALUES (12, 44, 'Aiman', 'Hanna', 4);
INSERT INTO krc353_1.Student (STID, Credit, FirstName, LastName, GPA) VALUES (13, 44, 'Messi', 'Lionel', 1);
INSERT INTO krc353_1.Student (STID, Credit, FirstName, LastName, GPA) VALUES (14, 44, 'Luis', 'Loni', 3);
INSERT INTO krc353_1.Student (STID, Credit, FirstName, LastName, GPA) VALUES (15, 44, 'Goun', 'Lio', 2);
INSERT INTO krc353_1.Student (STID, Credit, FirstName, LastName, GPA) VALUES (16, 44, 'Harves', 'Ri', 2);
INSERT INTO krc353_1.Student (STID, Credit, FirstName, LastName, GPA) VALUES (17, 44, 'Jonathan', 'Izzmifirtre', 3.9);
INSERT INTO krc353_1.Student (STID, Credit, FirstName, LastName, GPA) VALUES (18, 44, 'Nicolas', 'Tabourette', 3.8);
INSERT INTO krc353_1.Student (STID, Credit, FirstName, LastName, GPA) VALUES (19, 44, 'Nathan', 'Mackinnon', 3.8);
INSERT INTO krc353_1.Student (STID, Credit, FirstName, LastName, GPA) VALUES (20, 44, 'Sydney', 'Crosby', 4);
INSERT INTO krc353_1.Student (STID, Credit, FirstName, LastName, GPA) VALUES (21, 44, 'David', 'Izzmifartre', 3.9);
INSERT INTO krc353_1.Student (STID, Credit, FirstName, LastName, GPA) VALUES (22, 44, 'Poche', 'Jigyuan', 4);
INSERT INTO krc353_1.Student (STID, Credit, FirstName, LastName, GPA) VALUES (23, 44, 'Larry', 'Simpson', 2.7);
INSERT INTO krc353_1.Student (STID, Credit, FirstName, LastName, GPA) VALUES (24, 44, 'Foki', 'Ruki', 2);
INSERT INTO krc353_1.Student (STID, Credit, FirstName, LastName, GPA) VALUES (25, 44, 'Smity', 'Sam', 4);
INSERT INTO krc353_1.Student (STID, Credit, FirstName, LastName, GPA) VALUES (26, 44, 'Rawl', 'Sol', 3);
INSERT INTO krc353_1.Student (STID, Credit, FirstName, LastName, GPA) VALUES (27, 44, 'Sara', 'Flore', 4);
INSERT INTO krc353_1.Student (STID, Credit, FirstName, LastName, GPA) VALUES (28, 90, 'Joey', 'Looker', 3.2);
INSERT INTO krc353_1.Student (STID, Credit, FirstName, LastName, GPA) VALUES (29, 90, 'Lucienne', 'Bouchard', 1.5);
INSERT INTO krc353_1.Student (STID, Credit, FirstName, LastName, GPA) VALUES (30, 90, 'Esmeralda', 'Bobo', 2.7);
INSERT INTO krc353_1.Student (STID, Credit, FirstName, LastName, GPA) VALUES (31, 90, 'Laurent', 'Voyer', 2.8);
INSERT INTO krc353_1.Student (STID, Credit, FirstName, LastName, GPA) VALUES (32, 90, 'Eddey', 'Boucher', 3);
INSERT INTO krc353_1.Supervises (SupID, STID) VALUES (1, 6);
INSERT INTO krc353_1.Supervises (SupID, STID) VALUES (1, 7);
INSERT INTO krc353_1.Supervises (SupID, STID) VALUES (1, 8);
INSERT INTO krc353_1.Supervises (SupID, STID) VALUES (1, 9);
INSERT INTO krc353_1.Supervises (SupID, STID) VALUES (1, 10);
INSERT INTO krc353_1.Supervises (SupID, STID) VALUES (1, 11);
INSERT INTO krc353_1.Supervises (SupID, STID) VALUES (1, 12);
INSERT INTO krc353_1.Supervises (SupID, STID) VALUES (1, 17);
INSERT INTO krc353_1.Supervises (SupID, STID) VALUES (1, 18);
INSERT INTO krc353_1.Supervises (SupID, STID) VALUES (1, 19);
INSERT INTO krc353_1.Supervises (SupID, STID) VALUES (1, 20);
INSERT INTO krc353_1.Supervises (SupID, STID) VALUES (4, 21);
INSERT INTO krc353_1.Supervises (SupID, STID) VALUES (1, 22);
INSERT INTO krc353_1.Supervises (SupID, STID) VALUES (1, 13);
INSERT INTO krc353_1.Supervises (SupID, STID) VALUES (1, 14);
INSERT INTO krc353_1.Supervises (SupID, STID) VALUES (1, 15);
INSERT INTO krc353_1.Supervises (SupID, STID) VALUES (1, 16);
INSERT INTO krc353_1.Supervises (SupID, STID) VALUES (1, 23);
INSERT INTO krc353_1.Supervises (SupID, STID) VALUES (1, 24);
INSERT INTO krc353_1.Supervises (SupID, STID) VALUES (1, 25);
INSERT INTO krc353_1.Supervises (SupID, STID) VALUES (1, 26);
INSERT INTO krc353_1.Supervises (SupID, STID) VALUES (1, 27);
INSERT INTO krc353_1.Supervisor (SupID, IID) VALUES (1, 1);
INSERT INTO krc353_1.Supervisor (SupID, IID) VALUES (4, 2);
INSERT INTO krc353_1.Supervisor (SupID, IID) VALUES (2, 3);
INSERT INTO krc353_1.Supervisor (SupID, IID) VALUES (3, 4);
INSERT INTO krc353_1.Supervisor (SupID, IID) VALUES (5, 5);
INSERT INTO krc353_1.Supervisor (SupID, IID) VALUES (6, 6);
INSERT INTO krc353_1.Supervisor (SupID, IID) VALUES (7, 7);
INSERT INTO krc353_1.Supervisor (SupID, IID) VALUES (8, 8);
INSERT INTO krc353_1.Supervisor (SupID, IID) VALUES (9, 9);
INSERT INTO krc353_1.Supervisor (SupID, IID) VALUES (10, 10);
INSERT INTO krc353_1.Teach (SeID, IID) VALUES (1, 10);
INSERT INTO krc353_1.Teach (SeID, IID) VALUES (2, 9);
INSERT INTO krc353_1.Teach (SeID, IID) VALUES (3, 8);
INSERT INTO krc353_1.Teach (SeID, IID) VALUES (4, 7);
INSERT INTO krc353_1.Teach (SeID, IID) VALUES (5, 6);
INSERT INTO krc353_1.Teach (SeID, IID) VALUES (6, 5);
INSERT INTO krc353_1.Teach (SeID, IID) VALUES (7, 4);
INSERT INTO krc353_1.Teach (SeID, IID) VALUES (8, 3);
INSERT INTO krc353_1.Teach (SeID, IID) VALUES (9, 2);
INSERT INTO krc353_1.Teach (SeID, IID) VALUES (10, 1);
INSERT INTO krc353_1.Teach (SeID, IID) VALUES (11, 2);
INSERT INTO krc353_1.Teach (SeID, IID) VALUES (1, 2);
INSERT INTO krc353_1.TeachingAssistant (TAID, TotalHours, AssignmentMarking, LabInstructor, NumCourses, TutorialSession) VALUES (1, 3, 'y', 'n', 1, 'y');
INSERT INTO krc353_1.TeachingAssistant (TAID, TotalHours, AssignmentMarking, LabInstructor, NumCourses, TutorialSession) VALUES (2, 6, 'y', 'y', 2, 'n');
INSERT INTO krc353_1.TeachingAssistant (TAID, TotalHours, AssignmentMarking, LabInstructor, NumCourses, TutorialSession) VALUES (3, 7, 'n', 'n', 3, 'n');
INSERT INTO krc353_1.TeachingAssistant (TAID, TotalHours, AssignmentMarking, LabInstructor, NumCourses, TutorialSession) VALUES (4, 10, 'y', 'n', 2, 'n');
INSERT INTO krc353_1.TeachingAssistant (TAID, TotalHours, AssignmentMarking, LabInstructor, NumCourses, TutorialSession) VALUES (5, 3, 'y', 'y', 3, '');
INSERT INTO krc353_1.TeachingAssistant (TAID, TotalHours, AssignmentMarking, LabInstructor, NumCourses, TutorialSession) VALUES (6, 5, 'y', 'y', 2, 'y');
INSERT INTO krc353_1.TeachingAssistant (TAID, TotalHours, AssignmentMarking, LabInstructor, NumCourses, TutorialSession) VALUES (7, 7, 'n', 'n', 2, 'y');
INSERT INTO krc353_1.TeachingAssistant (TAID, TotalHours, AssignmentMarking, LabInstructor, NumCourses, TutorialSession) VALUES (8, 3, 'y', 'n', 1, 'n');
INSERT INTO krc353_1.TeachingAssistant (TAID, TotalHours, AssignmentMarking, LabInstructor, NumCourses, TutorialSession) VALUES (9, 8, 'n', 'n', 1, 'n');
INSERT INTO krc353_1.TeachingAssistant (TAID, TotalHours, AssignmentMarking, LabInstructor, NumCourses, TutorialSession) VALUES (10, 4, 'y', 'y', 3, 'n');
INSERT INTO krc353_1.Under (DName, PName) VALUES ('Anthropology', 'Arts');
INSERT INTO krc353_1.Under (DName, PName) VALUES ('Engineering', 'Computer Architecture');
INSERT INTO krc353_1.Under (DName, PName) VALUES ('Engineering', 'Computer Games');
INSERT INTO krc353_1.Under (DName, PName) VALUES ('Engineering', 'Computer Hardware');
INSERT INTO krc353_1.Under (DName, PName) VALUES ('Computer Science', 'Computer Science');
INSERT INTO krc353_1.Under (DName, PName) VALUES ('Jewish Studies', 'Business');
INSERT INTO krc353_1.Under (DName, PName) VALUES ('Jewish Studies', 'Economics');
INSERT INTO krc353_1.Under (DName, PName) VALUES ('Jewish Studies', 'English');
INSERT INTO krc353_1.Under (DName, PName) VALUES ('Jewish Studies', 'Law');
INSERT INTO krc353_1.Under (DName, PName) VALUES ('Mathematics', 'Mathematics');
INSERT INTO krc353_1.Undergraduate (STID) VALUES (1);
INSERT INTO krc353_1.Undergraduate (STID) VALUES (2);
INSERT INTO krc353_1.Undergraduate (STID) VALUES (3);
INSERT INTO krc353_1.Undergraduate (STID) VALUES (4);
INSERT INTO krc353_1.Undergraduate (STID) VALUES (5);
INSERT INTO krc353_1.Undergraduate (STID) VALUES (28);
INSERT INTO krc353_1.Undergraduate (STID) VALUES (29);
INSERT INTO krc353_1.Undergraduate (STID) VALUES (30);
INSERT INTO krc353_1.Undergraduate (STID) VALUES (31);
INSERT INTO krc353_1.Undergraduate (STID) VALUES (32);
INSERT INTO krc353_1.Within (CID, DName) VALUES (1, 'Computer Science');
INSERT INTO krc353_1.Within (CID, DName) VALUES (2, 'Physics');
INSERT INTO krc353_1.Within (CID, DName) VALUES (3, 'French');
INSERT INTO krc353_1.Within (CID, DName) VALUES (4, 'Gender Studies');
INSERT INTO krc353_1.Within (CID, DName) VALUES (5, 'Biology');
INSERT INTO krc353_1.Within (CID, DName) VALUES (6, 'Mathematics');
INSERT INTO krc353_1.Within (CID, DName) VALUES (7, 'History');
INSERT INTO krc353_1.Within (CID, DName) VALUES (8, 'Engineering');
INSERT INTO krc353_1.Within (CID, DName) VALUES (9, 'Anthropology');
INSERT INTO krc353_1.Within (CID, DName) VALUES (10, 'Jewish Studies');
INSERT INTO krc353_1.Work (DName, IID) VALUES ('Physics', 1);
INSERT INTO krc353_1.Work (DName, IID) VALUES ('Mathematics', 2);
INSERT INTO krc353_1.Work (DName, IID) VALUES ('Biology', 3);
INSERT INTO krc353_1.Work (DName, IID) VALUES ('Engineering', 4);
INSERT INTO krc353_1.Work (DName, IID) VALUES ('Gender Studies', 5);
INSERT INTO krc353_1.Work (DName, IID) VALUES ('Anthropology', 6);
INSERT INTO krc353_1.Work (DName, IID) VALUES ('Jewish Studies', 8);
INSERT INTO krc353_1.Work (DName, IID) VALUES ('History', 9);
INSERT INTO krc353_1.Work (DName, IID) VALUES ('Computer Science', 10);
INSERT INTO krc353_1.Work (DName, IID) VALUES ('French', 7);
INSERT INTO krc353_1.Work (DName, IID) VALUES ('Computer Science', 11);